name,email,password
Lucas Silva,lucas.silva@gmail.com,Lucas@2025
Mariana Oliveira,mariana.oliveira@yahoo.com,Mari@2025
Pedro Santos,pedro.santos@hotmail.com,Pedro@2025
Ana Souza,ana.souza@gmail.com,Ana@2025
Rafael Costa,rafael.costa@outlook.com,Rafa@2025
Juliana Lima,juliana.lima@gmail.com,Ju@2025
Gabriel Almeida,gabriel.almeida@gmail.com,Gab@2025
Fernanda Rocha,fernanda.rocha@uol.com.br,Fernanda@2025
Bruno Martins,bruno.martins@gmail.com,Bruno@2025
Camila Ribeiro,camila.ribeiro@gmail.com,Camila@2025
Thiago Fernandes,thiago.fernandes@gmail.com,Thiago@2025
Larissa Pinto,larissa.pinto@gmail.com,Larissa@2025
Felipe Cardoso,felipe.cardoso@gmail.com,Felipe@2025
Patricia Melo,patricia.melo@gmail.com,Patricia@2025
Vinicius Teixeira,vinicius.teixeira@gmail.com,Vini@2025
Amanda Barros,amanda.barros@gmail.com,Amanda@2025
Diego Azevedo,diego.azevedo@gmail.com,Diego@2025
Beatriz Farias,beatriz.farias@gmail.com,Beatriz@2025
Rodrigo Cunha,rodrigo.cunha@gmail.com,Rodrigo@2025
Leticia Duarte,leticia.duarte@gmail.com,Leticia@2025
Eduardo Pires,eduardo.pires@gmail.com,Edu@2025
Carolina Nunes,carolina.nunes@gmail.com,Carol@2025
Matheus Freitas,matheus.freitas@gmail.com,Matheus@2025
Isabela Castro,isabela.castro@gmail.com,Isabela@2025
Gustavo Tavares,gustavo.tavares@gmail.com,Gustavo@2025
Paula Moreira,paula.moreira@gmail.com,Paula@2025
Leonardo Rezende,leonardo.rezende@gmail.com,Leo@2025
Sabrina Lopes,sabrina.lopes@gmail.com,Sabrina@2025
André Monteiro,andre.monteiro@gmail.com,Andre@2025
Vanessa Brito,vanessa.brito@gmail.com,Vanessa@2025
Marcelo Xavier,marcelo.xavier@gmail.com,Marcelo@2025
Renata Peixoto,renata.peixoto@gmail.com,Renata@2025
Alexandre Ramos,alexandre.ramos@gmail.com,Alexandre@2025
Tatiane Sales,tatiane.sales@gmail.com,Tatiane@2025
Ricardo Vieira,ricardo.vieira@gmail.com,Ricardo@2025
Priscila Mendes,priscila.mendes@gmail.com,Priscila@2025
Fábio Correia,fabio.correia@gmail.com,Fabio@2025
Simone Barreto,simone.barreto@gmail.com,Simone@2025
Daniela Assis,daniela.assis@gmail.com,Daniela@2025
Henrique Leal,henrique.leal@gmail.com,Henrique@2025
Elaine Borges,elaine.borges@gmail.com,Elaine@2025
Murilo Siqueira,murilo.siqueira@gmail.com,Murilo@2025
Cristina Prado,cristina.prado@gmail.com,Cristina@2025
Otávio Macedo,otavio.macedo@gmail.com,Otavio@2025
Débora Silveira,debora.silveira@gmail.com,Debora@2025
Vitor Antunes,vitor.antunes@gmail.com,Vitor@2025
Michele Campos,michele.campos@gmail.com,Michele@2025
Rogério Furtado,rogerio.furtado@gmail.com,Rogerio@2025
Jéssica Gama,jessica.gama@gmail.com,Jessica@2025
Samuel Bastos,samuel.bastos@gmail.com,Samuel@2025
